677995064	MiMo-V2.5-JANG_2L/model-00067-of-00150.safetensors
676946888	MiMo-V2.5-JANG_2L/model-00094-of-00150.safetensors
763977968	MiMo-V2.5-JANG_2L/model-00146-of-00150.safetensors
765027288	MiMo-V2.5-JANG_2L/model-00026-of-00150.safetensors
765026352	MiMo-V2.5-JANG_2L/model-00107-of-00150.safetensors
765026560	MiMo-V2.5-JANG_2L/model-00143-of-00150.safetensors
794272176	MiMo-V2.5-JANG_2L/model-00062-of-00150.safetensors
676946896	MiMo-V2.5-JANG_2L/model-00091-of-00150.safetensors
794271952	MiMo-V2.5-JANG_2L/model-00102-of-00150.safetensors
763978704	MiMo-V2.5-JANG_2L/model-00023-of-00150.safetensors
676946176	MiMo-V2.5-JANG_2L/model-00055-of-00150.safetensors
765026256	MiMo-V2.5-JANG_2L/model-00135-of-00150.safetensors
763978528	MiMo-V2.5-JANG_2L/model-00014-of-00150.safetensors
676946896	MiMo-V2.5-JANG_2L/model-00029-of-00150.safetensors
676946912	MiMo-V2.5-JANG_2L/model-00050-of-00150.safetensors
854040120	MiMo-V2.5-JANG_2L/model-00108-of-00150.safetensors
794272016	MiMo-V2.5-JANG_2L/model-00068-of-00150.safetensors
763978448	MiMo-V2.5-JANG_2L/model-00011-of-00150.safetensors
794272032	MiMo-V2.5-JANG_2L/model-00130-of-00150.safetensors
845048472	MiMo-V2.5-JANG_2L/model-00149-of-00150.safetensors
677995208	MiMo-V2.5-JANG_2L/model-00042-of-00150.safetensors
676946888	MiMo-V2.5-JANG_2L/model-00122-of-00150.safetensors
844779520	MiMo-V2.5-JANG_2L/model-00003-of-00150.safetensors
676946240	MiMo-V2.5-JANG_2L/model-00089-of-00150.safetensors
677995480	MiMo-V2.5-JANG_2L/model-00047-of-00150.safetensors
879206360	MiMo-V2.5-JANG_2L/model-00006-of-00150.safetensors
794272104	MiMo-V2.5-JANG_2L/model-00127-of-00150.safetensors
794271648	MiMo-V2.5-JANG_2L/model-00083-of-00150.safetensors
676946552	MiMo-V2.5-JANG_2L/model-00070-of-00150.safetensors
879206608	MiMo-V2.5-JANG_2L/model-00009-of-00150.safetensors
676946888	MiMo-V2.5-JANG_2L/model-00128-of-00150.safetensors
15167	MiMo-V2.5-JANG_2L/tokenizer_config.json
791061024	MiMo-V2.5-JANG_2L/model-00031-of-00150.safetensors
676946760	MiMo-V2.5-JANG_2L/model-00048-of-00150.safetensors
676946752	MiMo-V2.5-JANG_2L/model-00110-of-00150.safetensors
674587656	MiMo-V2.5-JANG_2L/model-00086-of-00150.safetensors
677995464	MiMo-V2.5-JANG_2L/model-00075-of-00150.safetensors
676946912	MiMo-V2.5-JANG_2L/model-00115-of-00150.safetensors
794272096	MiMo-V2.5-JANG_2L/model-00034-of-00150.safetensors
879206456	MiMo-V2.5-JANG_2L/model-00015-of-00150.safetensors
10049	MiMo-V2.5-JANG_2L/configuration_mimo_v2.py
763977960	MiMo-V2.5-JANG_2L/model-00134-of-00150.safetensors
677995464	MiMo-V2.5-JANG_2L/model-00054-of-00150.safetensors
676946888	MiMo-V2.5-JANG_2L/model-00131-of-00150.safetensors
820346304	MiMo-V2.5-JANG_2L/model-00148-of-00150.safetensors
32799	MiMo-V2.5-JANG_2L/config.json
676946888	MiMo-V2.5-JANG_2L/model-00069-of-00150.safetensors
765027288	MiMo-V2.5-JANG_2L/model-00010-of-00150.safetensors
677995480	MiMo-V2.5-JANG_2L/model-00109-of-00150.safetensors
803709448	MiMo-V2.5-JANG_2L/model-00028-of-00150.safetensors
677995416	MiMo-V2.5-JANG_2L/model-00051-of-00150.safetensors
763977952	MiMo-V2.5-JANG_2L/model-00106-of-00150.safetensors
763978072	MiMo-V2.5-JANG_2L/model-00027-of-00150.safetensors
765026544	MiMo-V2.5-JANG_2L/model-00147-of-00150.safetensors
677994984	MiMo-V2.5-JANG_2L/model-00095-of-00150.safetensors
676946888	MiMo-V2.5-JANG_2L/model-00066-of-00150.safetensors
765027312	MiMo-V2.5-JANG_2L/model-00022-of-00150.safetensors
676946896	MiMo-V2.5-JANG_2L/model-00103-of-00150.safetensors
7033572	MiMo-V2.5-JANG_2L/tokenizer.json
794272280	MiMo-V2.5-JANG_2L/model-00090-of-00150.safetensors
677995464	MiMo-V2.5-JANG_2L/model-00063-of-00150.safetensors
879205664	MiMo-V2.5-JANG_2L/model-00142-of-00150.safetensors
794271720	MiMo-V2.5-JANG_2L/model-00111-of-00150.safetensors
677994912	MiMo-V2.5-JANG_2L/model-00030-of-00150.safetensors
794271712	MiMo-V2.5-JANG_2L/model-00049-of-00150.safetensors
677995048	MiMo-V2.5-JANG_2L/model-00129-of-00150.safetensors
729236880	MiMo-V2.5-JANG_2L/model-00150-of-00150.safetensors
834052064	MiMo-V2.5-JANG_2L/model-00071-of-00150.safetensors
676946832	MiMo-V2.5-JANG_2L/model-00082-of-00150.safetensors
765026952	MiMo-V2.5-JANG_2L/model-00008-of-00150.safetensors
676946880	MiMo-V2.5-JANG_2L/model-00035-of-00150.safetensors
791060504	MiMo-V2.5-JANG_2L/model-00114-of-00150.safetensors
845651656	MiMo-V2.5-JANG_2L/model-00074-of-00150.safetensors
796630896	MiMo-V2.5-JANG_2L/model-00087-of-00150.safetensors
1249902704	MiMo-V2.5-JANG_2L/model-00002-of-00150.safetensors
677995472	MiMo-V2.5-JANG_2L/model-00088-of-00150.safetensors
676946320	MiMo-V2.5-JANG_2L/model-00123-of-00150.safetensors
794271872	MiMo-V2.5-JANG_2L/model-00043-of-00150.safetensors
652622472	MiMo-V2.5-JANG_2L/audio_tokenizer/model.safetensors
6059	MiMo-V2.5-JANG_2L/audio_tokenizer/tokenizer_config.json
1215	MiMo-V2.5-JANG_2L/audio_tokenizer/config.json
149	MiMo-V2.5-JANG_2L/audio_tokenizer/generation_config.json
5588	MiMo-V2.5-JANG_2L/audio_tokenizer/chat_template.jinja
676946392	MiMo-V2.5-JANG_2L/model-00126-of-00150.safetensors
195	MiMo-V2.5-JANG_2L/generation_config.json
763978704	MiMo-V2.5-JANG_2L/model-00007-of-00150.safetensors
794271792	MiMo-V2.5-JANG_2L/model-00046-of-00150.safetensors
677995464	MiMo-V2.5-JANG_2L/model-00125-of-00150.safetensors
765026536	MiMo-V2.5-JANG_2L/model-00004-of-00150.safetensors
10664	MiMo-V2.5-JANG_2L/README.md
676946712	MiMo-V2.5-JANG_2L/model-00045-of-00150.safetensors
1671839	MiMo-V2.5-JANG_2L/merges.txt
1719738872	MiMo-V2.5-JANG_2L/model-00001-of-00150.safetensors
676946904	MiMo-V2.5-JANG_2L/model-00078-of-00150.safetensors
677994816	MiMo-V2.5-JANG_2L/model-00120-of-00150.safetensors
838311760	MiMo-V2.5-JANG_2L/model-00040-of-00150.safetensors
763977616	MiMo-V2.5-JANG_2L/model-00039-of-00150.safetensors
798196072	MiMo-V2.5-JANG_2L/model-00118-of-00150.safetensors
676946488	MiMo-V2.5-JANG_2L/model-00036-of-00150.safetensors
673022472	MiMo-V2.5-JANG_2L/model-00117-of-00150.safetensors
794271800	MiMo-V2.5-JANG_2L/model-00077-of-00150.safetensors
677995488	MiMo-V2.5-JANG_2L/model-00084-of-00150.safetensors
676946912	MiMo-V2.5-JANG_2L/model-00112-of-00150.safetensors
677994992	MiMo-V2.5-JANG_2L/model-00033-of-00150.safetensors
763977960	MiMo-V2.5-JANG_2L/model-00072-of-00150.safetensors
676946904	MiMo-V2.5-JANG_2L/model-00081-of-00150.safetensors
677994832	MiMo-V2.5-JANG_2L/model-00058-of-00150.safetensors
879206304	MiMo-V2.5-JANG_2L/model-00021-of-00150.safetensors
8259	MiMo-V2.5-JANG_2L/chat_template.jinja
677995472	MiMo-V2.5-JANG_2L/model-00100-of-00150.safetensors
763978728	MiMo-V2.5-JANG_2L/model-00019-of-00150.safetensors
791061032	MiMo-V2.5-JANG_2L/model-00093-of-00150.safetensors
676946888	MiMo-V2.5-JANG_2L/model-00060-of-00150.safetensors
763977808	MiMo-V2.5-JANG_2L/model-00141-of-00150.safetensors
765026344	MiMo-V2.5-JANG_2L/model-00138-of-00150.safetensors
827826024	MiMo-V2.5-JANG_2L/model-00105-of-00150.safetensors
765026584	MiMo-V2.5-JANG_2L/model-00024-of-00150.safetensors
765026464	MiMo-V2.5-JANG_2L/model-00144-of-00150.safetensors
794272104	MiMo-V2.5-JANG_2L/model-00096-of-00150.safetensors
794272096	MiMo-V2.5-JANG_2L/model-00065-of-00150.safetensors
1732	MiMo-V2.5-JANG_2L/.gitattributes
676946544	MiMo-V2.5-JANG_2L/model-00132-of-00150.safetensors
794272024	MiMo-V2.5-JANG_2L/model-00099-of-00150.safetensors
765027288	MiMo-V2.5-JANG_2L/model-00013-of-00150.safetensors
791060496	MiMo-V2.5-JANG_2L/model-00052-of-00150.safetensors
765027304	MiMo-V2.5-JANG_2L/model-00016-of-00150.safetensors
763977952	MiMo-V2.5-JANG_2L/model-00137-of-00150.safetensors
676946896	MiMo-V2.5-JANG_2L/model-00057-of-00150.safetensors
2776833	MiMo-V2.5-JANG_2L/vocab.json
676946880	MiMo-V2.5-JANG_2L/model-00085-of-00150.safetensors
676946696	MiMo-V2.5-JANG_2L/model-00076-of-00150.safetensors
677995464	MiMo-V2.5-JANG_2L/model-00116-of-00150.safetensors
844603232	MiMo-V2.5-JANG_2L/model-00037-of-00150.safetensors
794271720	MiMo-V2.5-JANG_2L/model-00080-of-00150.safetensors
765026272	MiMo-V2.5-JANG_2L/model-00073-of-00150.safetensors
676946888	MiMo-V2.5-JANG_2L/model-00032-of-00150.safetensors
677995408	MiMo-V2.5-JANG_2L/model-00113-of-00150.safetensors
676946880	MiMo-V2.5-JANG_2L/model-00044-of-00150.safetensors
765026136	MiMo-V2.5-JANG_2L/model-00005-of-00150.safetensors
794272184	MiMo-V2.5-JANG_2L/model-00124-of-00150.safetensors
676946896	MiMo-V2.5-JANG_2L/model-00119-of-00150.safetensors
676946896	MiMo-V2.5-JANG_2L/model-00041-of-00150.safetensors
765026544	MiMo-V2.5-JANG_2L/model-00038-of-00150.safetensors
794272288	MiMo-V2.5-JANG_2L/model-00121-of-00150.safetensors
677995344	MiMo-V2.5-JANG_2L/model-00079-of-00150.safetensors
241490	MiMo-V2.5-JANG_2L/assets/mimo-v2.5-multimodal-bench.png
157249	MiMo-V2.5-JANG_2L/assets/mimo-v2.5-coding-bench.png
1744711	MiMo-V2.5-JANG_2L/assets/architecture.svg
195240	MiMo-V2.5-JANG_2L/assets/mimo-v2.5-graphwalks.jpeg
99703	MiMo-V2.5-JANG_2L/assets/wechat.jpg
676946912	MiMo-V2.5-JANG_2L/model-00053-of-00150.safetensors
676946472	MiMo-V2.5-JANG_2L/model-00098-of-00150.safetensors
877043968	MiMo-V2.5-JANG_2L/model-00012-of-00150.safetensors
835100640	MiMo-V2.5-JANG_2L/model-00133-of-00150.safetensors
9897313	MiMo-V2.5-JANG_2L/model.safetensors.index.json
794272368	MiMo-V2.5-JANG_2L/model-00056-of-00150.safetensors
877043248	MiMo-V2.5-JANG_2L/model-00136-of-00150.safetensors
85516	MiMo-V2.5-JANG_2L/modeling_mimo_v2.py
765027168	MiMo-V2.5-JANG_2L/model-00017-of-00150.safetensors
765026552	MiMo-V2.5-JANG_2L/model-00140-of-00150.safetensors
879205736	MiMo-V2.5-JANG_2L/model-00139-of-00150.safetensors
879206376	MiMo-V2.5-JANG_2L/model-00018-of-00150.safetensors
676946328	MiMo-V2.5-JANG_2L/model-00061-of-00150.safetensors
677994904	MiMo-V2.5-JANG_2L/model-00092-of-00150.safetensors
676946536	MiMo-V2.5-JANG_2L/model-00101-of-00150.safetensors
794272272	MiMo-V2.5-JANG_2L/model-00059-of-00150.safetensors
765027232	MiMo-V2.5-JANG_2L/model-00020-of-00150.safetensors
676946400	MiMo-V2.5-JANG_2L/model-00064-of-00150.safetensors
676946880	MiMo-V2.5-JANG_2L/model-00097-of-00150.safetensors
879205592	MiMo-V2.5-JANG_2L/model-00145-of-00150.safetensors
879207016	MiMo-V2.5-JANG_2L/model-00025-of-00150.safetensors
350	MiMo-V2.5-JANG_2L/preprocessor_config.json
677995200	MiMo-V2.5-JANG_2L/model-00104-of-00150.safetensors
